,Max V (increase),Max V (decrease),Max D (increase),Max D (decrease),Min S+R (increase),Min S+R (decrease),Max Mphi (increase),Max Mphi (decrease),Max T (increase),Max T (decrease),Max Lu (increase),Max Lu (decreased),Max Fu (increased),Max Fu (decreased),Total Fu (increase),Total Fu (decrease)
rho,-2.21872800730827E-05,2.21881454232076E-05,0.0003802994418344860,-0.0003803034282580110,7.35142491969931E-06,-7.35231045301266E-06,-1.53227992241156E-05,1.53233544011311E-05,-2.42569977624285E-05,2.42580004305992E-05,-1.42181476758818E-05,1.42186412970258E-05,-2.9838946954408E-06,2.98391927588959E-06,1.44960673291727E-05,-1.44968766636611E-05
V0,0.011347858886699300,-0.011268162725856000,0.013352644066461100,-0.013197285895526800,-0.011281113206609300,0.011260822343858200,0.009010482566965020,-0.009003647098480670,0.009303780214000360,-0.009224486152216720,0.00827911368210188,-0.008277908208241700,0.001587950106222810,-0.0016053907097940400,0.0005826667256148000,-0.00044150943133414200
eps_F_I,0.004810555619094050,-0.005132686220023940,0.006286674395751260,-0.006689825892918,-0.004660919839582940,0.004971494278710910,0.0033012355043231500,-0.0035339021615529200,0.004595534029917750,-0.004900292636284550,0.0030535679001313400,-0.003270090758276110,0.0006383495026520690,-0.0006867921584947650,0.0007881192368133230,-0.0007995111785256140
eps_Gamma_I,0.003488733130509350,-0.0037947514046771100,0.004480648234278300,-0.0048641164630267600,-0.003426307143475690,0.00372718561257801,0.002471064437507890,-0.002692360254893280,0.0032523354632827400,-0.003536878290810180,0.0022832001201247300,-0.0024876425383737500,0.000469301344551587,-0.0005133877408197710,0.0005104454283335610,-0.00039983715267688500
del_V_MPhi,-3.94801671330658E-05,3.94839333677233E-05,-2.44934580684308E-06,2.44941228078055E-06,2.6042235132806E-06,-2.60422570474983E-06,-1.48437848860317E-05,1.48446579886219E-05,-1.89612639489578E-06,1.89617771617634E-06,-1.34652530439094E-05,1.34660223913841E-05,-1.71967254636307E-06,1.71972879892124E-06,-2.52135924827535E-06,2.52137559653143E-06
del_V_N,-0.054145722930669100,0.0595727044420058,-0.004089603253656150,0.004078294774743310,0.005207258757531360,-0.005167289489544700,-0.021773795779197000,0.022803170722751400,-0.0022186858269233100,0.0021154784294819000,-0.019783105227819900,0.02066894685611190,-0.002646167147668850,0.0026831660180965900,-0.0011211660205032700,0.0014505821396497700
d_V,0.0,0.0,0.0,0.0,0.0,0.0,0.0,0.0,0.0,0.0,0.0,0.0,0.0,0.0,0.0,0.0
phat,0.058330836981468100,-0.05812354404408040,0.003986824105313370,-0.004243872842077500,-0.004981525053195710,0.005413870271657070,0.023504668353139000,-0.024389734819525400,0.0021584643606904500,-0.002373811915855060,0.02127345738488230,-0.02213425065116360,0.002734228677011120,-0.0029322948381267400,0.0018169940024417300,-0.0014353837763813000
d_V_spec,0.0,0.0,0.0,0.0,0.0,0.0,0.0,0.0,0.0,0.0,0.0,0.0,0.0,0.0,0.0,0.0
R0,0.0,0.0,0.0,0.0,0.0,0.0,0.0,0.0,0.0,0.0,0.0,0.0,0.0,0.0,0.0,0.0
S0,0.03631328749747610,-0.0368915172907216,0.04644169755744330,-0.046416068490164800,-0.037923844189575500,0.03911085154183170,0.026009708814497000,-0.026916457110384900,0.0333169603645711,-0.03383053275156730,0.023981199774140600,-0.0248788398691564,0.004797174069160140,-0.005167935062668330,0.004565283662053780,-0.004999276482884900
lam_S,-0.003271635436496110,0.003375709943853830,-0.004522465166157510,0.004687790512191810,-0.007530573320498000,0.008320667195196970,-0.00204642363367713,0.0021034809312552300,-0.0034048569178303200,0.0035226839146582600,-0.0019010419204430500,0.001955576729450350,-0.00041811232007049600,0.00042876808515335300,-0.0006512008313205310,0.0006629249916003670
Smax,0.014930398632375000,-0.015731822674349700,0.021732814446271000,-0.022726180630234000,0.08996997944483170,-0.08864629829637270,0.0094496830079982,-0.010030076846264200,0.015464328109628300,-0.016311661146517500,0.008770833059315250,-0.0093175699309469,0.0018938192360444800,-0.002043939448865380,0.0028691198894199600,-0.003156530676568180
h_N,0.0008209990703105240,-0.0011399616898045700,-0.00012790177864241400,0.0001213290732260400,-0.0014263331456683100,0.001960874078398290,0.0004646058788948530,-0.0006456730534464270,0.0020797650942336900,-0.0028571012850758800,0.0004337066406758790,-0.0006027617323280940,9.78174818337951E-05,-0.00013605362317992100,0.0022223191532446700,-0.0030338792002713200
h_MPhi_alpha,-1.29252591007933E-06,1.30447178015025E-06,0.0003900627395407860,-0.00039626928055969100,6.03577718849557E-06,-6.109145212152E-06,-0.0009233688089624880,0.000932540023228734,0.000635109353643637,-0.000647622446198981,-0.0008418590158892900,0.0008518530528076610,-9.54453049604176E-05,9.62428560076223E-05,0.002437130005292780,-0.0024577617372869600
IC_50_N,0.00039986884684806200,-0.0004885956422544520,-0.00014386420886647300,0.00018155890026694300,-0.0007032349261728580,0.0008579119104079600,0.0002261249441064540,-0.00027636626543203800,0.0010259213635064300,-0.0012502882540107500,0.00021109791810181000,-0.0002580058546096660,4.76329801539777E-05,-5.82418470772561E-05,0.0011322033668741400,-0.0013784901978847200
del_N,-0.00014607318935944100,0.000146093927482438,5.44034192409004E-05,-5.35018403778897E-05,0.00025663280910870300,-0.0002566597020378090,-8.26155132770401E-05,8.26207754536235E-05,-0.00037426994536093900,0.0003745459377482160,-7.71263515411125E-05,7.71307330442728E-05,-1.74076291687975E-05,1.74062170665845E-05,-0.00041124227181355,0.0004152910989547730
beta,0.019313703201053700,-0.02001230519871970,0.018297710975480500,-0.018447326962753100,-0.016209823350080300,0.016815836323340400,0.01681926062215870,-0.01761469859462440,0.0123969088830429,-0.012590093130755200,0.015398151724453900,-0.01615447360679430,0.0028686448851627000,-0.0030687047707465,0.0004961326861947500,-0.00025306590543716600
tau_I,0.008527792647427870,-0.008535222351503840,0.011543986214845400,-0.011484807630057300,-0.008391871455019410,0.00839187442032241,0.005663136255891650,-0.00571069299846183,0.008449957275796780,-0.008434619743561410,0.00524600038262335,-0.005291707085713580,0.001105710374957660,-0.0011233722703469800,0.0013750221520372200,-0.0012185883877677800
I0,0.0,0.0,0.0,0.0,0.0,0.0,0.0,0.0,0.0,0.0,0.0,0.0,0.0,0.0,0.0,0.0
del_I_MPhi,-5.52288299093817E-05,5.52342572786024E-05,-0.00018313584660012400,0.0001831922999282480,0.00010777663220373800,-0.00010778774183473100,-2.86230459356496E-05,2.86244920126855E-05,-0.0001252177851651660,0.00012525158616205600,-2.6824005939563E-05,2.68253184607659E-05,-6.29851390465674E-06,6.29854716671652E-06,-4.41437187397309E-05,4.41418080741052E-05
del_I_T,-0.0005778168634545940,0.0005782485471281800,0.019239192691374200,-0.019765522053427900,0.0010963178423497600,-0.001099230109662620,-0.0003217308723907350,0.0003218403041618250,-0.003070277575455970,0.003199387248393750,-0.00030045433631509200,0.0003005495561070330,-6.82129770299689E-05,6.82001672596133E-05,-0.02089870655276790,0.022311185960131500
d_I,-0.005415469409248860,0.005484718804587450,-0.015486309506774700,0.016016602258351900,0.01052478288520330,-0.010785754240670900,-0.002971058021760560,0.002991939818933310,-0.013648748553405600,0.01411518245271880,-0.00277872684971181,0.0027980555329589800,-0.0006367892950766010,0.0006383150040358830,-0.013422113084955800,0.01362559844209940
D0,0.0,0.0,0.0,0.0,0.0,0.0,0.0,0.0,0.0,0.0,0.0,0.0,0.0,0.0,0.0,0.0
del_D_MPhi,1.31123822910695E-09,-1.31130062364093E-09,-1.03372455007023E-06,1.0337267024596E-06,2.46596243425046E-08,-2.46596617570205E-08,-6.8520367157987E-10,6.85218770613005E-10,1.10059295010956E-10,-1.10091158411763E-10,-5.28617705164436E-10,5.28720178749609E-10,9.08944031152714E-11,-9.08907393792902E-11,-2.23486145145557E-08,2.23344698291328E-08
d_D,4.49047252415458E-05,-4.84783565792846E-05,-0.04732333209187930,0.052257795238495300,0.0009518827252172900,-0.001052320888968670,-3.20164524171274E-05,3.79924147924093E-05,1.55295652912724E-05,-1.66642231828051E-05,-2.59000499851503E-05,3.10166386940924E-05,2.22420019735381E-06,-2.09983725452112E-06,-0.0010607889602745100,0.0011660520141010300
MPhi_R_0,-0.0008742575034218490,0.000930525096283441,-0.005856838404065700,0.0059175627008349900,0.0005799490783711110,-0.0006283019513452230,0.07104052652118200,-0.06926912081491020,-0.008097029055100120,0.007923453473652310,0.06387362316901710,-0.06271306459967400,0.006235085699010320,-0.006625970488206010,-0.023789660385198700,0.026502269115940000
d_MPhi_R,0.0,0.0,0.0,0.0,0.0,0.0,0.0,0.0,0.0,0.0,0.0,0.0,0.0,0.0,0.0,0.0
lam_MPhi,0.00012807795410263400,-0.0001353031535301640,0.0012179635026969800,-0.0012872863024058200,-5.20013080260728E-05,5.47829822550305E-05,-0.016737508978752100,0.017784814898888600,0.0015320758649559600,-0.001626757829288780,-0.015120302917086400,0.016039728715357100,-0.0015665038500793900,0.001630235760835100,0.009774442034953480,-0.00946839900116625
eps_V_MPhi,-2.19875577076589E-05,2.19207216844985E-05,-0.00026704548343570200,0.0002694065002601940,1.54495209836458E-05,-1.53498176682643E-05,0.0014979146349152200,-0.0015033564633028000,-0.0006126407291706660,0.0006188283898493910,0.0013512590474540300,-0.001355046056234600,0.00013520821960555400,-0.00013602144330393500,-0.010755867406466700,0.011920843582710300
MPhi_max,0.0005859153323699570,-0.0006083737986781750,0.0027188580519417200,-0.0029079831357625700,-0.000499951161076928,0.0005191017745627140,-0.023873218133222500,0.025944167035819400,0.004111001467418830,-0.004620892753669500,-0.02153289497179790,0.023337386197479900,-0.0021496682110049300,0.002250105482658470,0.03475138181496780,-0.03493444845446310
a_I_MPhi,-0.00013029121362273500,0.00013679269179345300,-0.001223692121179900,0.0012803402383576600,5.35403726371619E-05,-5.64967441113451E-05,0.016916792778291200,-0.01759603322130120,-0.0015440738829012300,0.0016077399091347600,0.015257052317791100,-0.01589516945092400,0.0015510088614989500,-0.0016472297879154300,0.013917708921000100,-0.013230409635702500
del_MPhi_D,4.81630650250864E-07,-4.81687996156666E-07,0.00010038105238985300,-0.00010059014905994300,1.6312781929706E-06,-1.63217018311901E-06,-0.0002521951652540990,0.00025229372539947700,0.00016590618379397300,-0.00016654733956078500,-0.00023027969236033600,0.00023036522142816400,-2.61867329117704E-05,2.61893211355169E-05,0.0006893077461707090,-0.0006896524877962880
MPhi_I_0,-5.15159469474114E-05,5.08059725830012E-05,-0.00032562449256512400,0.00032600124919257600,3.51102571012341E-05,-3.44788082978775E-05,0.003863543945482610,-0.003859143990477040,-0.00044267173137768600,0.000441681355980883,0.0034851769753154700,-0.0034824497184158300,0.0003528863429482780,-0.00035422915720295700,-0.0009676413143738790,0.0015254071537498200
p_MPhi_I_G,1.3988810110277E-14,-6.88338275267597E-15,-4.4317882696987E-12,4.56412685423402E-12,-8.57092175010621E-14,4.41868763800812E-14,1.1956879930608E-11,-1.18953735750438E-11,-6.88737955556462E-12,6.9075856146128E-12,1.09308118112494E-11,-1.07938102900107E-11,1.24034116311122E-12,-1.22812870984035E-12,-2.74774647479603E-11,1.17879039862601E-11
eps_G_MPhi,-1.65423230669148E-14,8.88178419700125E-16,8.47566461459337E-12,-9.76785319295459E-12,1.24789067967868E-13,-1.6064927166326E-13,-2.25514051876985E-11,2.6289193044704E-11,1.3035128532124E-11,-1.5170531497688E-11,-2.05573336131693E-11,2.40427677766775E-11,-2.33535413229902E-12,2.72604161466461E-12,3.9383607486343E-11,-5.96654947671027E-11
h_M_MPhi,-2.53574938824386E-13,8.13127343235465E-13,6.52529141831337E-11,-2.41719200211321E-10,1.10889075699561E-12,-3.99513755411363E-12,-1.73937531044999E-10,6.40923536465721E-10,1.0070255740402E-10,-3.74792641366639E-10,-1.58596913379938E-10,5.84482240384432E-10,-1.8006596214093E-11,6.62181420807428E-11,3.2509017700022E-10,-1.25758103930451E-09
p_MPhi_I_L,3.54977474237295E-06,-3.52861738750487E-06,-0.0011629864236839500,0.0011397092032758800,-1.27017746601732E-05,1.26307677894566E-05,0.002983006206612740,-0.0029612633550417700,-0.0020067757369538500,0.0019359024485170500,0.002712311053315380,-0.002693400275744050,0.00029812540135809600,-0.00029746749172732100,-0.010047799770009100,0.009963576861239170
eps_L_MPhi,-3.33993535350796E-06,3.71107638508228E-06,0.0010801076607982500,-0.0012172936120310500,1.1939639876335E-05,-1.32591355586076E-05,-0.002804402732987430,0.0031201395550613000,0.0018359189284631300,-0.0021020588361458900,-0.0025507704453187100,0.002836867047181000,-0.0002816676984167540,0.0003117700462567100,0.009453578210238960,-0.010531441033012500
d_MPhi_I,2.76689656866225E-05,-2.77517701855468E-05,0.002920516156409870,-0.0031068877253559400,3.88493664542633E-05,-3.97536446594682E-05,-0.009126992491128810,0.009368759213280510,0.004636781154763400,-0.005085021300527790,-0.008311932994941930,0.00852472701115059,-0.0009225419200442620,0.0009331852098302120,0.01973616314149960,-0.020190508709069500
del_MPhi,2.35370280599057E-07,-2.35386773850266E-07,4.40796886522765E-05,-4.41263542565462E-05,6.88804344228799E-07,-6.89031827261211E-07,-0.0001144651003708310,0.0001144896915328260,7.37262185548371E-05,-7.38901897061606E-05,-0.00010444144803645200,0.00010446300556310500,-1.18141735948596E-05,1.18151929888732E-05,0.0003111996903708560,-0.0003075774235757890
eps_Gamma_alpha,-2.21971595881776E-07,2.45066670512273E-07,-4.14077898805987E-05,4.56484749238317E-05,-6.4635445207184E-07,7.13031382160168E-07,0.00010766032525655300,-0.00011880995971458300,-6.92895964624629E-05,7.62930867423961E-05,9.82283149844054E-05,-0.00010840165304548700,1.11070376087596E-05,-1.22584849852059E-05,-0.00029088680267752600,0.000320345448995063
eps_alpha_MPhi,8.97064204474773E-07,-9.36708782872664E-07,-0.00028478937148968000,0.0002962285099925580,-3.3857805081805E-06,3.53052477652938E-06,0.000717533143529181,-0.0007498833980255080,-0.000484164948615029,0.0005018640974974180,0.0006530068683552330,-0.0006819039874975670,7.22429147002046E-05,-7.55563899484946E-05,-0.0023070318396109000,0.0024111599296379200
M0,-0.010946291246302900,0.011243080290169500,-0.0014357303001475400,0.0014247493168040300,0.0005596962006340080,-0.0005552120385314830,-0.0009236629756806950,0.0009700497025315610,-0.0020762137053046400,0.0020473992287597400,-0.00034138643876324700,0.00038427315684885800,-0.00014276624021025700,0.00014711285869784000,-0.003678866557067510,0.0033661705215239900
eps_G_M,-7.7715611723761E-15,-1.52100554373646E-14,1.26565424807268E-14,-6.43929354282591E-15,4.44089209850063E-16,9.76996261670138E-15,5.32907051820075E-15,-8.10462807976364E-15,-3.77475828372553E-15,-9.54791801177635E-15,1.97619698383278E-14,-2.77555756156289E-15,8.88178419700125E-16,-1.22124532708767E-15,-2.94131385913943E-12,-4.08451050759595E-13
d_M,0.006487907789930690,-0.006424045061295790,0.002462968434866710,-0.002520183863777060,-0.00015811810532584400,0.0001637039815889360,-0.0003282546832669150,0.0003661707234214880,0.007408513204211650,-0.00863258082595364,-0.0013079642860144300,0.00138443834326063,-4.20426354157399E-05,4.72622118428134E-05,0.009551332752078870,-0.013513780535737600
h_M,-1.26565424807268E-14,-3.88578058618805E-14,3.97459842815806E-14,2.1316282072803E-14,3.10862446895044E-15,-1.3988810110277E-14,1.26565424807268E-14,2.1538326677728E-14,3.77475828372553E-15,-4.85167461761193E-14,4.86277684785819E-14,5.19584375524573E-14,2.44249065417534E-15,4.44089209850063E-15,-6.52888854091316E-12,-3.89521748189736E-12
p_M_I,-0.0006259654037639170,0.0006257896781429740,-0.0003052473415455780,0.0003045680527971050,1.168924371453E-05,-1.16450974725346E-05,5.61710582083208E-05,-5.56973847017916E-05,-0.0009558918401464390,0.0009376042306945550,0.00017836538094973000,-0.00017735392043438700,8.00627857144853E-06,-7.93370785046044E-06,-0.0013329008288947000,0.0012771526152031100
eps_I_M,0.00037417972118558600,-0.0003990804478468670,0.00016459658372869300,-0.00017433378808096000,-7.89725948280307E-06,8.49664504465331E-06,-2.82432009602873E-05,2.98842329089499E-05,0.000518679328615157,-0.0005555506848299310,-9.36731317910944E-05,9.92759645119801E-05,-3.82803828302691E-06,4.0382067081346E-06,0.0006801879882543110,-0.0007450937154058760
MR,-0.006185437128259140,0.006424427055944590,-0.0022579016512505000,0.0023467071472045300,0.00016140207561310400,-0.00015848644036287100,0.0003323690846199770,-0.0003172391131377460,-0.007470732939044540,0.007023702560960740,0.001283009151477940,-0.0012748364572512400,4.18382158318131E-05,-4.01151920242926E-05,-0.011813442969889400,0.00922900289623052
psi_M_max,-1.08801856413265E-14,-1.75415237890775E-14,1.04360964314765E-14,6.68354260824344E-14,2.88657986402541E-15,-6.43929354282591E-15,1.99840144432528E-15,2.35367281220533E-14,-6.10622663543836E-15,8.88178419700125E-16,1.84297022087776E-14,7.61612994892857E-14,6.66133814775094E-16,5.32907051820075E-15,-2.85682588696545E-12,-9.03199737223304E-12
N0,-0.01122635969526430,0.011925439682249700,-0.005433249033509840,0.005564238388318100,0.004638706584445760,-0.004724410788254470,-0.006770988023037770,0.007088556972361990,-0.003736376019098040,0.0038213665640010100,-0.0061506917053895100,0.0064318875300357600,-0.0009983638895590950,0.0010272742089891800,-0.0007437606934288520,0.0009775475029492050
NR,-0.04688162851696490,0.05101208763323720,-0.006422871485582740,0.006534259228666790,0.004239820484399640,-0.004160743293880050,-0.015107650678502200,0.01567870305002320,-0.008362569764767010,0.00820116797131587,-0.013757011446267100,0.014254230904840800,-0.001882161569686790,0.0019041197485338800,-0.007785835590621520,0.007578952760330050
eps_C_N,0.0005735732753864300,-0.0006321044972903420,7.85106829463977E-05,-8.21615374564377E-05,-1.69976821747797E-05,1.88383725114871E-05,8.97441687259803E-05,-9.90806528414767E-05,0.0004735199558028040,-0.0005241269640783310,8.33405875910742E-05,-9.20066747925885E-05,1.13963742944811E-05,-1.25842092241202E-05,8.45911403009048E-05,-9.1327190171242E-05
d_N,0.04884193388794420,-0.04810123723299090,0.006308079194446090,-0.00654896244047154,-0.004063264252964220,0.004323247988078370,0.015172288779692300,-0.015468805723331600,0.007831355902781610,-0.008585794837872250,0.013791371770852700,-0.014086511839437900,0.001844351765352360,-0.0019267096496938800,0.007171343159331660,-0.007995341835742240
psi_N_max,-0.0006338248244505130,0.0006357420090903340,-8.21225861733499E-05,8.70129535053277E-05,1.88867803281312E-05,-1.88303727021166E-05,-9.93022862407766E-05,9.94125098390253E-05,-0.0005293327019574300,0.000528105788301092,-9.22141930158604E-05,9.23205728060594E-05,-1.26133569801068E-05,1.26249207095253E-05,-9.15839348247793E-05,9.09380314562114E-05
p_N_L,-1.76145380281767E-07,1.76145394048532E-07,-1.9046922261623E-08,1.90470501593154E-08,1.12771525451194E-08,-1.12771812998957E-08,-4.93528707901092E-08,4.93529288547734E-08,-2.14265455378282E-08,2.14265523101886E-08,-4.49945427583032E-08,4.49946915281885E-08,-5.98843918897529E-09,5.98845018018324E-09,-2.66393982428781E-08,2.66222599520916E-08
eps_L_N,1.67757506552846E-07,-1.85416180742415E-07,1.81400436893853E-08,-2.00493414093117E-08,-1.07401753046688E-08,1.18706859897344E-08,4.70027861076972E-08,-5.19503642326669E-08,2.04062420294804E-08,-2.25542613474516E-08,4.28520763318119E-08,-4.73626083907774E-08,5.70328562154998E-09,-6.30361529641021E-09,2.5355990196374E-08,-2.80487543191654E-08
T0,-0.0018293592714063700,0.001900929112951030,-0.0034272709067629800,0.0035320343778275600,0.002325854508548280,-0.0024014771666083200,-0.0013892546715432700,0.0014512127455252900,-0.0021562659171067100,0.0022244344553645800,-0.0012846309074320300,0.0013415357099297900,-0.0002557234882604180,0.0002658454813326830,-0.0004837139768080200,0.0004636271174904840
p_T_L,0.0,0.0,0.0,0.0,0.0,0.0,0.0,0.0,0.0,0.0,0.0,0.0,0.0,0.0,0.0,0.0
eps_L_T,0.0,0.0,0.004236070435276410,-0.004595321096728,0.0,0.0,0.0,0.0,0.006111595155257280,-0.006642589576448480,0.0,0.0,0.0,0.0,-0.002798983724463630,0.003068708861970530
p_T_Gamma,0.0,0.0,0.0,0.0,0.0,0.0,0.0,0.0,0.0,0.0,0.0,0.0,0.0,0.0,0.0,0.0
eps_Gamma_T,0.0,0.0,0.0,0.0,0.0,0.0,0.0,0.0,0.0,0.0,0.0,0.0,0.0,0.0,0.0,0.0
p_T_F,-0.0002562493456977900,0.00025464264106633800,0.0019767435786748300,-0.002006319103870170,0.0005557599787895380,-0.0005459447884614830,-0.00015228286838053800,0.00015196024183405900,0.006420088852290280,-0.006373031633805540,-0.00014263063291708500,0.000142310399139145,-3.13348931413326E-05,3.1212885617915E-05,-0.0031296960477755800,0.0030871235296261500
eps_F_T,0.00022814889520916800,-0.000252067392704447,-0.0018602315245059800,0.0020258855107726500,-0.0004845635776246080,0.0005405287551760730,0.00013687894022340600,-0.00015073305133961300,-0.005942404998065090,0.006601245741719940,0.00012814840497887800,-0.00014113116086966700,2.80499664018219E-05,-3.09326466554349E-05,0.00283798198683316,-0.003165254495412830
d_T,0.0005755553149420220,-0.0005809663446890710,-0.005115831280967710,0.005172204940057770,-0.0009948540891630000,0.0010169697463209300,0.0003855925116149630,-0.0003871287850453210,-0.03352461208194100,0.03580779989648740,0.00035885545960034900,-0.0003603509079807000,7.514032014444E-05,-7.5647963270864E-05,0.01873804281935150,-0.01878620254959980
p_T_I,0.0,0.0,0.02047922702432840,-0.020922139740022100,0.0,0.0,0.0,0.0,0.04682602355392090,-0.046952020886398800,0.0,0.0,0.0,0.0,-0.020758355483370900,0.02221751336452590
eps_T_I,0.0,0.0,0.0,0.0,0.0,0.0,0.0,0.0,0.0,0.0,0.0,0.0,0.0,0.0,0.0,0.0
tau_T,0.0,0.0,-0.0286095939293034,0.02943751307193350,0.0,0.0,0.0,0.0,-0.00015925848673914400,-0.00016116446290492800,0.0,0.0,0.0,0.0,0.008881718830771270,-0.008643812816300330
stoch,0.0,0.0,0.0,0.0,0.0,0.0,0.0,0.0,0.0,0.0,0.0,0.0,0.0,0.0,0.0,0.0
stoch_C,0.523460061173944,-0.3244292214807940,0.04934661790253060,-0.05469445943736310,-0.028966543940551300,0.042385087164479100,0.1313727824611450,-0.12104619166665900,0.05536089153228450,-0.08070249011287480,0.11868527858283800,-0.11089448492717100,0.014566147736448500,-0.016568008329060000,0.04789281322434500,-0.07767606139610860
avo,0.0,0.0,0.0,0.0,0.0,0.0,0.0,0.0,0.0,0.0,0.0,0.0,0.0,0.0,0.0,0.0
L_U_0,-3.53996426616376E-07,-1.00282469428503E-06,-2.7199474375017E-06,2.72333096651423E-06,2.13933282644518E-07,6.59366904409708E-07,4.22518237468417E-05,-4.38508134231741E-05,-4.64201257055485E-06,4.00086668816968E-06,3.9095771937836E-05,-3.92853516765213E-05,3.86498013260628E-06,-4.075714052032E-06,0.00011613852478631300,0.00019795355572505000
L_B_0,-2.35791461911106E-08,2.36136168396683E-08,-9.31802512482705E-07,9.31962332639813E-07,8.86347291118028E-08,-8.86951921907908E-08,1.13389855016521E-05,-1.13398525500852E-05,-1.26985850890105E-06,1.26999233263092E-06,1.02302127025222E-05,-1.02310016102392E-05,1.03956957442364E-06,-1.03966005859935E-06,-3.36977456849574E-06,3.36832141711874E-06
p_L_I,4.92586638545234E-06,-4.92652679806582E-06,-0.00011858879907322700,0.00011862452109401300,-1.065245201326E-05,1.06588611195058E-05,4.58854916434159E-05,-4.58883341772909E-05,-0.00020601968493250100,0.0002060949946494080,0.0008994583529244870,-0.0008994572786578110,4.95533106503743E-06,-4.95661860289154E-06,-0.00013837780994163700,0.00013922688766232500
eta_L_I,-4.14629951150936E-06,4.52751324919731E-06,0.00010434745072274200,-0.00011438030585408900,8.90396622299505E-06,-9.71036405983394E-06,-3.91503891624678E-05,4.28022080702917E-05,0.00018500332632731500,-0.00020319396270418500,-0.0007433702573581560,0.0008103449247334190,-4.21433982855657E-06,4.6050362536576E-06,0.00012091513757117600,-0.00013275135464196900
p_L_MPhi,0.0002893345637002830,-0.00029595005702209900,-0.004055139663912470,0.0039782928770846200,-0.0005856952067812010,0.0005972181318103510,0.0028951228133360400,-0.0028803853548139400,-0.006227829573844050,0.00606455337022882,0.050255175341030700,-0.04997974233276510,0.0003076590426398520,-0.00030779461717445100,-0.005239605842289550,0.0057007768941059700
eta_L_MPhi,-0.0002696121500179730,0.0002905119054565920,0.0037339931101254600,-0.0041923787461484200,0.0005442762175946750,-0.00058777277720512,-0.002638880502098150,0.0029187785796036500,0.005703631209241110,-0.006454519256047230,-0.045410978157079300,0.05019890493459610,-0.00028168563914332500,0.000309863716446257,0.0052661113885466000,-0.005340481148812690
p_L_M,1.11665896977975E-05,-1.10898169587426E-05,-0.00041496407435381900,0.00041714338031262300,-2.35777935643222E-05,2.2866653190512E-05,0.0001261463798063470,-0.0001261908835732410,-0.0011761135706648300,0.0011803291607386200,0.0017712196472163800,-0.0017703672843737400,1.31770137845599E-05,-1.31484841319196E-05,-0.0009337760050353030,0.0010678282269172000
eta_L_M,-9.69401148198656E-06,1.07021850945799E-05,0.00036241226855326900,-0.0003948302167531280,1.99474345043971E-05,-2.25511875762141E-05,-0.00011046943700321300,0.00012099761068729000,0.0010280554467574400,-0.0011224027937968300,-0.0015443587358465700,0.001692767303087540,-1.1507015654888E-05,1.26361641232808E-05,0.0009331402538967910,-0.0008891706983785720
k_lin_L,-0.00029149641153092300,0.00031280632067987000,0.004390683351522600,-0.00493068806513719,0.0005965587248062400,-0.0006446313727260790,-0.002780549070647290,0.0030711237164020600,0.007265406882421830,-0.008205036074765420,-0.04995030913710040,0.05547316614303460,-0.0002982679388487950,0.0003276559526061980,0.006805673259644650,-0.007476798656195220
k_int_L,-0.00022017686225861400,0.00023310288404032600,0.0032183134593213300,-0.003502425445127470,0.00044602477037347700,-0.00047290206977590500,-0.0021762967404191900,0.0023495558665767000,0.00532126646749842,-0.0058128655507933,-0.0019829724595062900,0.002140382663683880,-0.0002321302861980620,0.0002494340901948440,0.004668262249109210,-0.0051210243383366100
k_B_L,0.0003062353910527890,-0.00031301927651106200,-0.004588138079975820,0.004520947333101160,-0.0006196754986562690,0.0006322112239589560,0.003111998371156720,-0.0030942562575692100,-0.00760985485140564,0.007459501579368140,0.0028336975052194500,-0.002818568821930770,0.00032989028958940700,-0.00033003934903874700,-0.00672240275698921,0.006568411506513660
k_U_L,-8.08461427310725E-05,8.25264931456626E-05,0.001192251055761150,-0.0012280991099632400,0.0001638181707595000,-0.0001672748805912060,-0.0008038861267752880,0.0008256427165052040,0.00197248702643793,-0.0020364211996601900,-0.0007317787687900480,0.0007523049589681640,-8.55877849037512E-05,8.77931385148134E-05,0.0017382558777649900,-0.0017910333720907400
R_L_N,0.0,0.0,0.0,0.0,0.0,0.0,0.0,0.0,0.0,0.0,0.0,0.0,0.0,0.0,0.0,0.0
R_L_T,0.0,0.0,0.0,0.0,0.0,0.0,0.0,0.0,0.0,0.0,0.0,0.0,0.0,0.0,0.0,0.0
R_L_M,0.0,0.0,0.0,0.0,0.0,0.0,0.0,0.0,0.0,0.0,0.0,0.0,0.0,0.0,0.0,0.0
MM_L,0.0,0.0,0.0,0.0,0.0,0.0,0.0,0.0,0.0,0.0,0.0,0.0,0.0,0.0,0.0,0.0
G_U_0,-4.44089209850063E-15,1.33226762955019E-15,4.9293902293357E-14,4.86277684785819E-14,-1.34336985979644E-14,-1.16573417585641E-14,1.36779476633819E-13,-9.14823772291129E-14,-5.55111512312578E-15,1.84297022087776E-14,1.63868918434673E-13,-5.78426195829707E-14,1.50990331349021E-14,-6.43929354282591E-15,-7.55506768257419E-12,-4.95892216179072E-12
G_B_0,-3.10862446895044E-14,-8.43769498715119E-15,3.26405569239796E-14,7.03881397612349E-14,1.22124532708767E-14,-1.48769885299771E-14,8.43769498715119E-15,2.75335310107039E-14,-1.69864122767649E-14,5.55111512312578E-15,5.10702591327572E-14,7.68274333040608E-14,1.99840144432528E-15,5.99520433297585E-15,-6.67821353772524E-12,-9.50661771526029E-12
p_G_MPhi_I,2.30926389122033E-14,-3.03090885722668E-14,-8.48587866641992E-12,8.24229573481716E-12,-1.70086167372574E-13,1.26343380202343E-13,2.32216468276647E-11,-2.20639062575856E-11,-2.73760725200134E-09,5.1740123296895E-10,2.12403428179186E-11,-2.00793826010681E-11,2.41340281093017E-12,-2.28639329691305E-12,3.12769026833415E-05,-3.14290218436097E-05
eta_G_MPhi,-3.70814490224802E-14,3.77475828372553E-15,7.56972262649924E-12,-8.62154792002912E-12,1.23900889548167E-13,-1.46549439250521E-13,-2.0205614958968E-11,2.3330448684078E-11,5.39805755650491E-10,-2.91230539684051E-09,-1.8389956224496E-11,2.13309370167281E-11,-2.09321449062827E-12,2.42095232749762E-12,-2.98094291460993E-05,3.27498096501788E-05
p_G_M,-1.22124532708767E-15,2.44249065417534E-15,-6.11399819661074E-13,7.64277530151958E-13,-3.47499806707674E-14,-1.27675647831893E-14,1.58673074679427E-12,-1.51367807177394E-12,5.24550181069117E-10,-2.93361290815142E-09,1.50923717967544E-12,-1.34725564038263E-12,1.66311409088848E-13,-1.52322598978571E-13,-1.68927848244183E-05,1.76419474260392E-05
eta_G_M,-2.4757973449141E-14,-6.88338275267597E-15,7.62945262522408E-13,-6.57918164392868E-13,-2.99760216648792E-15,-3.01980662698043E-14,-1.42752476506303E-12,1.65778502037028E-12,-2.71210331970195E-09,5.05002706319147E-10,-1.22524212997632E-12,1.5709655798446E-12,-1.4210854715202E-13,1.73194791841524E-13,1.67388739338303E-05,-1.77085479814432E-05
k_lin_G,-3.47499806707674E-14,3.530509218308E-14,8.47832914985247E-12,-9.82791625858681E-12,1.45883305435746E-13,-1.78967951569575E-13,-2.1529666938136E-11,2.48787657142202E-11,-9.54270351627429E-09,-6.56517062935791E-10,-1.96356264581254E-11,2.27222685111883E-11,-2.24098517520588E-12,2.59325894091944E-12,3.52480639935759E-05,-3.24965078718487E-05
k_int_G,-2.77555756156289E-15,6.88338275267597E-15,1.15818465928896E-12,-1.0911271886016E-12,4.2188474935756E-15,-3.34177130412172E-14,-2.94253510446652E-12,3.03534974932518E-12,1.72128977737884E-12,-1.73550063209404E-12,-2.66020538930434E-12,2.79021250548794E-12,-3.03312930327593E-13,3.16191517413245E-13,2.09277040141842E-12,-1.17071907723698E-11
k_B_G,2.46469511466785E-14,-2.78665979180914E-14,-9.28668253408205E-12,8.95861163030531E-12,-1.66866520601161E-13,1.19237952844742E-13,2.49358311776859E-11,-2.3614665778382E-11,-1.43782763473155E-11,1.36737288158884E-11,2.27751151271605E-11,-2.14741557869047E-11,2.58548737974706E-12,-2.44204656496549E-12,-5.01924057871861E-11,3.08719716457517E-11
k_U_G,-2.32036612146658E-14,3.26405569239796E-14,7.51798623355171E-12,-8.49520453982677E-12,1.10134124042816E-13,-1.58206781009085E-13,-1.9924284444528E-11,2.28004282121219E-11,1.15296661107323E-11,-1.31533672842465E-11,-1.81460402259859E-11,2.08197903361906E-11,-2.06223926824123E-12,2.36433095324173E-12,3.24980042876177E-11,-4.75570693936334E-11
R_G_M,0.0,0.0,0.0,0.0,0.0,0.0,0.0,0.0,0.0,0.0,0.0,0.0,0.0,0.0,0.0,0.0
MM_G,0.0,0.0,0.0,0.0,0.0,0.0,0.0,0.0,0.0,0.0,0.0,0.0,0.0,0.0,0.0,0.0
C_U_0,-0.08565330359544080,0.09893460868716700,-0.01257474527975110,0.012498468907875500,0.008786240735145110,-0.008451003234491220,-0.02962889438297480,0.031547721517045400,-0.012399272958478800,0.012103305108108800,-0.026971918996848100,0.028623900534710900,-0.0037364454263728600,0.003787452870035010,-0.013954835506747600,0.014489446889206700
C_B_0,-3.50730976728109E-05,3.52264858438645E-05,-1.66561714237679E-05,1.67294383899286E-05,1.41664813066988E-05,-1.4228669278693E-05,-2.10128498477902E-05,2.11039450770389E-05,-1.14352065988532E-05,1.14856253949913E-05,-1.91074058440988E-05,1.91902417032708E-05,-3.07164742452404E-06,3.08483050370789E-06,-2.15118277291371E-06,2.15252397861576E-06
p_C_M,-0.01692238812408440,0.017950678172443200,-0.0017882393519761400,0.0020680885913553200,0.0008007713091433560,-0.0007847335093096320,-0.003894526162867900,0.003962936074136230,-0.005933943470879830,0.005752097669210250,-0.003572057183659490,0.0036346201219366000,-0.0004778347565125300,0.00048162556458719600,-0.0035397435404188600,0.002180625015082650
eta_C_M,0.017068030272818600,-0.017784349503589800,0.0019640498717052900,-0.0018738577851320500,-0.0007474537505492980,0.0008432182403479430,0.0037719796649857700,-0.004096491633259540,0.005481694315071510,-0.00625008105959779,0.0034591243600194900,-0.003758018028563240,0.00045838283591082000,-0.0005027805468240670,0.0021080644789570600,-0.003751775723244030
k_lin_C,0.01724637126111990,-0.016479617967509100,0.001952520150788840,-0.0017245974922214200,-0.0007656872545140910,0.0007860299457662650,0.003855959269482010,-0.0038203955273425900,0.005332054324331150,-0.005669604439898170,0.003534877408149840,-0.003503208802048460,0.0004681420342318440,-0.00046836460641075400,0.001985161775835300,-0.0031943520471440200
k_int_C,0.05415618281819110,-0.052733814578224200,0.006905352042694930,-0.007256318321836600,-0.004413326235438550,0.004808365355467360,0.016664900331367000,-0.017080918415657100,0.008485467434791840,-0.009243811085787870,0.015148477345891900,-0.015555685419927600,0.0020216954910166100,-0.0021309103725242200,0.026803871215320900,-0.025602192192003100
k_B_C,-0.07000058512262210,0.0803063275565068,-0.009755035611100470,0.010052794198233800,0.006508393379706990,-0.0063769277891736500,-0.02286814866046750,0.024409967440463900,-0.012510124916257900,0.012262669445552500,-0.020831444910851200,0.02217917885830660,-0.0028668315399270600,0.0029426872096662800,-0.01198251695578670,0.011647980951841700
k_U_C,0.021475976914312200,-0.021248947792841600,0.0028031645385882000,-0.0028579276316870200,-0.001809322098074380,0.0018719930898014600,0.006711124109889170,-0.0067782180459667900,0.00347829142292877,-0.0035988462222210600,0.006104965684240240,-0.006168973777406990,0.0008208420688455840,-0.0008384222714133970,0.010404745055520900,-0.010354256467301700
R_C_N,0.0,0.0,0.0,0.0,0.0,0.0,0.0,0.0,0.0,0.0,0.0,0.0,0.0,0.0,0.0,0.0
MM_C,0.0,0.0,0.0,0.0,0.0,0.0,0.0,0.0,0.0,0.0,0.0,0.0,0.0,0.0,0.0,0.0
F_U_0,-8.74866497269089E-06,8.75009985379371E-06,-1.09027795536232E-05,1.09046690310866E-05,9.05436398723758E-06,-9.05589632527182E-06,-6.73041338272729E-06,6.73145074858716E-06,-7.6830134413397E-06,7.68434352393932E-06,-6.20344178270393E-06,6.20439598386646E-06,-1.22043300376795E-06,1.22061108975835E-06,5.06946203988612E-05,-5.06953095438245E-05
F_B_0,-6.81482947850753E-08,6.81484122466713E-08,-8.43762317792596E-08,8.43765353142345E-08,7.02257223483827E-08,-7.02258914353493E-08,-5.22856161699892E-08,5.22857672713428E-08,-5.95674909398269E-08,5.95676192816086E-08,-4.82073096996771E-08,4.82075468433152E-08,-9.49441791853189E-09,9.49444656228593E-09,-2.86169299368311E-09,2.84628498548045E-09
p_F_I,-0.003990987602014330,0.004096934842863440,-0.0032678616026924300,0.003372205526402270,0.004080826211777740,-0.0041881363265164900,-0.002733193037857910,0.002799167897076900,0.0019883059041845300,-0.001926315374142120,-0.002529958578491810,0.0025903417606063500,0.03788519928716740,-0.037902022955584400,0.040013948160466000,-0.04026709955675760
eta_F_I,0.0005868768833880990,-0.0005965759205939230,0.0004220915229193880,-0.00042911056982664100,-0.0006007717390319470,0.0006109435193228930,0.00041882167341289500,-0.0004261623468182490,-0.0009638105037940160,0.0009995679473040480,0.0003869812065422360,-0.0003937891874599140,-0.003330891127162780,0.0033635814419998900,-0.014837559311811700,0.015762309984852500
p_F_MPhi,-0.001144355973623830,0.0011533042813809400,-0.0012028495392426600,0.0012131632663399100,0.001170017771497060,-0.001178916926673270,-0.0007783410619950360,0.0007838451857868910,-0.00043880299682919100,0.000445793927577931,-0.0007205776978020940,0.0007256158753257140,0.011371201253623800,-0.01137727793845930,0.005812551236475280,-0.005831870631918040
eta_F_MPhi,0.0005303493571904290,-0.0005546938938255640,0.0004620111296516070,-0.0004766007392477120,-0.0005421666808284040,0.0005673157320147390,0.0003662523664562660,-0.00038346291839042000,6.58205208114993E-08,1.81878027707416E-05,0.00033883584916538600,-0.0003547636703647990,-0.004523009939236820,0.004711039447275360,-0.00322529330077026,0.0034163829782134500
p_F_M,-4.66851904024068E-06,4.6686512538141E-06,-3.56455162497937E-06,3.56467692963491E-06,4.77808422183479E-06,-4.77820143907071E-06,-3.20852775681502E-06,3.20861008851203E-06,3.79062164457267E-06,-3.79056145971557E-06,-2.96901531759985E-06,2.96909078500995E-06,4.23341489965701E-05,-4.23341477795436E-05,0.0001765562546824920,-0.00017655629514279300
eta_F_M,4.44307628844065E-06,-4.91025084914387E-06,3.39261332937824E-06,-3.74932943225659E-06,-4.54733107324579E-06,5.02548641034828E-06,3.05359012364725E-06,-3.37467501776434E-06,-3.60706659896515E-06,3.98647328614388E-06,2.82564260212226E-06,-3.12275950375973E-06,-4.02872073487215E-05,4.45243603985901E-05,-0.00016802714271557700,0.00018570001419426800
k_lin_F,0.004830928140258760,-0.005136530038584610,0.004134515869767210,-0.004358533265961360,-0.004936604577279070,0.005249658872138910,0.0032795787651631600,-0.0034955651044783500,-0.0016247071352620800,0.0019358040527743800,0.003036341105123300,-0.0032365682107440300,-0.046962655816900700,0.05185186373844290,-0.04410003561269150,0.04840469712038950
k_int_F,0.003475323762263120,-0.0036324622651727800,0.0029030622542354200,-0.0030094903236584900,-0.0035526537752262900,0.0037138532107228200,0.0023525959789838500,-0.0024630702688871500,-0.0013888767480378900,0.0015772984661401900,0.0021781539165268700,-0.0022807685304240300,0.00044848283629472800,-0.00047119568565090500,0.0027188820928552000,-0.00290041793607021
k_B_F,-0.005115238672893650,0.005292914788735060,-0.004450942378597220,0.004630331309426030,0.005230442299744230,-0.0054104684099451900,-0.0035004812033415700,0.003610937458310650,0.001566685627326200,-0.0014571066252564400,-0.0032407500567139800,0.003342020875125360,-0.000720909955339577,0.0007391153383586870,-0.003750758230618990,0.003853008428787110
k_U_F,0.0012602308956937100,-0.001280318520372800,0.0010496797617696200,-0.0010631908115372700,-0.0012883963870367100,0.0013090506192599000,0.0008535831511982120,-0.0008677066180451390,-0.0005175932240494290,0.0005416870694952000,0.0007902731561393320,-0.0008034156078904340,0.0001766977376740360,-0.0001799269311845150,0.0009947246867312300,-0.0010322425249588200
R_F_T,0.0,0.0,0.0,0.0,0.0,0.0,0.0,0.0,0.0,0.0,0.0,0.0,0.0,0.0,0.0,0.0
R_F_I,0.0,0.0,0.0,0.0,0.0,0.0,0.0,0.0,0.0,0.0,0.0,0.0,0.0,0.0,0.0,0.0
MM_F,0.0,0.0,0.0,0.0,0.0,0.0,0.0,0.0,0.0,0.0,0.0,0.0,0.0,0.0,0.0,0.0
K0,-0.0017987927928920800,0.0018191205983419900,-0.003873676019411800,0.003918885622828270,0.0026423929061787400,-0.0026705223829623900,-0.0013409910356163600,0.0013586067449948800,-0.002938542618030950,0.002967541899264740,-0.0012413057159608200,0.0012574826414337700,-0.0002480818093822950,0.0002505305104592020,-0.0009269323795519920,0.000913277300737203
del_I_K,-0.0012802258307486000,0.0012821817370345400,-0.003560154578400870,0.003588296699811980,0.0024976314542670700,-0.0025113717779862200,-0.0007096774274663040,0.0007099973395279240,-0.0033428379525434200,0.0033698190243751600,-0.0006628704525429850,0.0006637694946873830,-0.0001507896193417850,0.00015067104996813200,-0.003822547827807000,0.00382989219229124
del_T_K,3.62024351008294E-06,-3.62044630575209E-06,-3.62575497926398E-05,3.626091532416E-05,-6.17575371242296E-06,6.17666832058994E-06,2.44271121729867E-06,-2.44277040961638E-06,-0.00025578442638996,0.00025587830735629400,2.272386820934E-06,-2.27244423467443E-06,4.74570736264113E-07,-4.74590131305241E-07,0.00013989047099172100,-0.00013989022418448000
eps_K_L,-0.0002950667819263680,0.00031834570714783800,-0.0009597853364159410,0.0010371114580654000,0.0005907194380805340,-0.000637651727629418,-0.00015498512083356200,0.00016736783694693000,-0.0007607572070350570,0.000823183565899388,-0.0001451289429746930,0.00015671349432433400,-3.3825028072143E-05,3.64960215140098E-05,-0.00036350271156304600,0.0003962619012709560
eps_I_K,0.0011862844716523700,-0.0013052223618943400,0.0033190211636140400,-0.0036291010746157800,-0.0023226506024545100,0.0025458615027016400,0.0006569682089128120,-0.0007236409171229590,0.003115534793874280,-0.0034062824578612300,0.0006140617761689620,-0.0006759108130661720,0.00013941913261450400,-0.0001537525005697040,0.0035400037302051300,-0.003891892679214300
eps_T_K,-3.38459805260261E-06,3.73343495740919E-06,3.385919336929E-05,-3.73430934080821E-05,5.77393789735758E-06,-6.36841909962271E-06,-2.28367796495377E-06,2.51913018045613E-06,0.00023898682736800400,-0.0002635127508604510,-2.12444316938232E-06,2.34347532446222E-06,-4.43678118577928E-07,4.894139942202E-07,-0.0001306784116162920,0.00014414382468652700
eps_K_A,1.55226931033425E-05,-1.70670986602284E-05,4.68001467377466E-05,-5.12294308664396E-05,-4.21751871564346E-05,4.63587376540175E-05,8.55144362055249E-06,-9.40573129382116E-06,9.07236964986513E-05,-9.98130683007581E-05,8.02938891908411E-06,-8.83134417639653E-06,1.80444256003831E-06,-1.98440927567933E-06,0.00010081003807238500,-0.00011123723627748400
p_K_A,-1.72850630949517E-05,1.72728757661389E-05,-5.32738403612454E-05,5.34120079758171E-05,4.74187613550559E-05,-4.73530497905328E-05,-9.46452162753353E-06,9.46001281021403E-06,-0.00010209697382968000,0.00010185601463463800,-8.889515925814E-06,8.88518766739566E-06,-2.00234094083207E-06,2.00117355908525E-06,-0.00011253743878902900,0.00011204003197584600
p_K,0.0,0.0,0.0,0.0,0.0,0.0,0.0,0.0,0.0,0.0,0.0,0.0,0.0,0.0,0.0,0.0
d_K,0.0002633649052647960,-0.00026526448147434800,0.0005856685538681020,-0.0005665268159987800,-0.0005948281639955870,0.0006007579953548610,0.00016244005423882200,-0.00016332506585847700,0.001209121376472670,-0.0012353876934465500,0.00015165709364262100,-0.00015249622322965900,3.26119397950908E-05,-3.28228634856043E-05,0.0021192079472263100,-0.002237072427698770
KR,-0.000262158172693705,0.00026253363243866600,-0.0005894017861722830,0.0005910066629317700,0.000589737308940963,-0.0005916528925542510,-0.0001617363728986240,0.00016200871157878700,-0.00119078910924586,0.0011963145146856000,-0.00015099942538510100,0.00015125120777437200,-3.24784107694764E-05,3.25196013870599E-05,-0.002088255098265160,0.0021038629075949
Gamma_U_0,-1.75400476385423E-05,1.75574182621485E-05,-2.13073458895652E-05,2.13290963191337E-05,1.79162945272982E-05,-1.79345432582689E-05,-1.34655381102133E-05,1.3478436016845E-05,-1.51344489228711E-05,1.51500105918245E-05,-1.24140087968128E-05,1.24258982010517E-05,-2.4438591130771E-06,2.44617209155251E-06,-5.75734629748581E-07,5.72135417042929E-07
Gamma_B_0,-2.63297912361793E-08,2.63303547853866E-08,-3.19270168080976E-08,3.19279043203835E-08,2.68312716489305E-08,-2.68319029217423E-08,-2.00549766793401E-08,2.00554874929537E-08,-2.27059430146781E-08,2.27064609337191E-08,-1.84967101635181E-08,1.8497302578524E-08,-3.65488295184235E-09,3.65497787591096E-09,-2.99262803427069E-09,2.97099811419344E-09
p_Gamma_T,-0.0025745889920350000,0.0026040781283365200,-0.003266929220434150,0.003310101931780500,0.0025293445278269400,-0.0025589062219387700,-0.0019079630413219000,0.0019272187131278400,-0.0023443351080745200,0.002372147357824210,-0.001761103965597700,0.0017797376511623500,-0.00035633759560160800,0.0003590080263562450,-6.87256680887982E-05,0.00015451127578014500
eta_Gamma_T,0.0011912099298074800,-0.0012418521498762700,0.0015195990562380000,-0.0015828056379456600,-0.0011685587538476900,0.0012179071023519200,0.0008795132050800630,-0.0009176447113283800,0.0010946118239130200,-0.0011410092460212300,0.0008123596209130830,-0.0008473805301073560,0.00016425093695082700,-0.0001716299435635670,0.00010623376706719900,-5.34187270058162E-05
p_Gamma_K,-0.0010237886442453500,0.0010286275299746800,-0.0013042715107628400,0.0013116358344393800,0.0010041247886443100,-0.0010089957257635200,-0.0007563354987635270,0.0007592309406025950,-0.0009379719415232300,0.0009426811853696650,-0.0006985624980339060,0.000701277855144733,-0.0001414522217733080,0.0001418235867329810,-1.69749589755686E-05,7.31421366053642E-05
eta_Gamma_K,0.0007967604147760540,-0.0008606602952017100,0.001015809980748240,-0.0010967569340484300,-0.0007815110721984820,0.0008443792143681960,0.0005881968308110160,-0.0006356656337230820,0.0007300854545422290,-0.0007885996240926120,0.0005432997521654940,-0.0005872343933565060,0.00010988177334825300,-0.00011886271758143600,5.52635032848858E-05,-6.81530054874591E-05
k_lin_Gamma,0.003351630639472750,-0.0036317232766416300,0.004271492764910790,-0.004620970184711640,-0.0032871140009026500,0.003561289722424870,0.002474576254849260,-0.002685495300774440,0.0030639091306863300,-0.0033203915813232500,0.0022854002957211100,-0.0024800975354302100,0.00046148797181877500,-0.0005027933965648930,0.00020768559937378600,-7.94868375824098E-05
k_int_Gamma,0.0001369965900137600,-0.00013743278740630000,0.00017419550819708400,-0.00017474215620483200,-0.00013454696153758500,0.0001349813593809480,0.0001013692998221850,-0.00010170059952474600,0.00012498515650993800,-0.0001253826531407710,9.36236333237694E-05,-9.3933237247934E-05,1.89188029537934E-05,-1.89836556427903E-05,8.16591930052901E-06,-7.94909380286146E-06
k_B_Gamma,-0.0035984647813445100,0.00365699569909661,-0.004570014584361020,0.004653174161056710,0.0035354281523671800,-0.0035925511121063200,-0.0026653119054790300,0.002704071566354440,-0.003282263759386340,0.003336031256581550,-0.0024613036513740900,0.0024971316335211700,-0.0004983820062158810,0.0005035988614570110,-6.81202083727683E-05,0.0002284717269487310
k_U_Gamma,0.0033510204721172200,-0.0036322338648254700,0.004264167538370560,-0.004613656844533630,-0.0032915928614084500,0.00356807512142554,0.0024776566529700600,-0.0026899413575010000,0.0030574796425126800,-0.003313774981625330,0.002288084534692200,-0.002484074741051830,0.00046156049428369700,-0.0005030527090218450,0.00020990908331231000,-7.34479240136476E-05
R_Gamma_T,0.0,0.0,0.0,0.0,0.0,0.0,0.0,0.0,0.0,0.0,0.0,0.0,0.0,0.0,0.0,0.0
R_Gamma_I,0.0,0.0,0.0,0.0,0.0,0.0,0.0,0.0,0.0,0.0,0.0,0.0,0.0,0.0,0.0,0.0
R_Gamma_MPhi,0.0,0.0,0.0,0.0,0.0,0.0,0.0,0.0,0.0,0.0,0.0,0.0,0.0,0.0,0.0,0.0
MM_Gamma,0.0,0.0,0.0,0.0,0.0,0.0,0.0,0.0,0.0,0.0,0.0,0.0,0.0,0.0,0.0,0.0
alpha_U_0,-4.06921934592575E-07,4.98891226774489E-07,1.09016834182185E-06,4.12856224984992E-07,-3.5530596353972E-07,-4.8015695197634E-07,-5.54252475026829E-07,6.80719381307426E-07,3.01440961747446E-07,4.19855136879477E-07,2.4265779341448E-07,5.16760204627431E-07,-2.60023468312554E-08,8.90776026274409E-08,0.0001519839028010230,3.97482501801605E-06
alpha_B_0,1.1027452284651E-09,-1.14131004647078E-09,4.09301348369695E-09,-4.17904522098667E-09,-1.26287280632909E-09,1.30277477694563E-09,-3.84527280017366E-08,3.90873562405858E-08,5.19946530275206E-09,-5.30328569947614E-09,-3.49095385931975E-08,3.5490363092805E-08,-3.47190998173375E-09,3.52817530746563E-09,1.13156566339256E-08,-1.15315703652641E-08
p_alpha_MPhi,-3.60752599248837E-06,3.95502075045684E-06,5.33567529543699E-05,-5.27273416807139E-05,1.24421207172709E-05,-1.34537825150494E-05,-0.00022286781693714500,0.000226642693792245,9.10689455286828E-05,-9.19669562552405E-05,-0.00020321840919757000,0.00020719284201709000,-2.30313614043576E-05,2.3470903754319E-05,0.0004219552497448650,-0.0002651960934715310
eta_alpha_MPhi,3.61030193030132E-06,-3.64696175414458E-06,-4.87770353906347E-05,5.45668594527093E-05,-1.24087668065265E-05,1.25807884785445E-05,0.00020845491814669400,-0.00022587032588838900,-8.50435661973181E-05,9.29099936568534E-05,0.000190624675662443,-0.00020594683983943300,2.15796837048643E-05,-2.33284129300682E-05,-0.00023908356418123100,0.00042939238535200100
p_alpha_M,-3.99565525111001E-09,3.99559052510767E-09,7.28256783766312E-08,-7.28268189087444E-08,1.17309215674766E-08,-1.17309258973464E-08,-2.07300653531917E-07,2.07303151755767E-07,1.18678006755246E-07,-1.18680342886535E-07,-1.88690443492234E-07,1.88692825142667E-07,-2.11789309423338E-08,2.11791815196705E-08,5.2358815794129E-07,-5.23611907721211E-07
eta_alpha_M,3.80144160594398E-09,-4.2011338852177E-09,-6.9281108072694E-08,7.65636358757149E-08,-1.11605529262704E-08,1.23339187751981E-08,1.97227091103258E-07,-2.17961430126756E-07,-1.12903277393883E-07,1.24770838105803E-07,1.79521220333712E-07,-1.98394082273623E-07,2.014969169295E-08,-2.22680102135442E-08,-4.98125029668728E-07,5.50475634186753E-07
p_alpha_T,-7.32332678221592E-06,7.8955653766144E-06,0.0001458075045914780,-0.00014866342570418700,2.06658788781677E-05,-2.12870977991386E-05,-0.0003736783170780190,0.0003815675960419100,0.00023703812022257700,-0.00024524666478431500,-0.0003399226416981320,0.0003482543761468280,-3.79767921057095E-05,3.87466409230708E-05,0.0013936970577079800,-0.0013609075526138700
eta_alpha_T,4.1918726279011E-06,-3.86947283825823E-06,-4.96893751195104E-05,5.23510158918494E-05,-1.10285597152426E-05,1.10914832982534E-05,0.0001908086340447480,-0.00019876441516519800,-8.25518171253536E-05,8.59307612570692E-05,0.00017385082897947200,-0.0001808517628246740,1.94324711655369E-05,-2.0245702437971E-05,-0.00031796188369226400,0.0003876164691054560
p_alpha_K,-4.81710445421335E-06,5.35135657364627E-06,8.24248803070748E-05,-8.28221454419742E-05,1.38916440466375E-05,-1.44235291379413E-05,-0.0002475246073544440,0.0002508660990137020,0.00013508962804520400,-0.00013730560911484600,-0.00022523875736013600,0.0002288516712782850,-2.5231202163245E-05,2.55642873261408E-05,0.0007120883515212560,-0.0006609178322058980
eta_alpha_K,4.47785376778143E-06,-4.31067660766615E-06,-6.74710767778475E-05,7.34324336508774E-05,-1.19094856148028E-05,1.24198041704382E-05,0.00020577424399248500,-0.00022159018830436600,-0.00011199012493090500,0.0001204030157362370,0.00018757241191913500,-0.0002016362716453780,2.09704377940323E-05,-2.25845969383798E-05,-0.0005305078047875830,0.000635128060110679
k_lin_alpha,1.55338656122606E-05,-1.77671927815704E-05,-0.0002780591280768800,0.0002877470871405220,-4.55588145205077E-05,5.04969607304506E-05,0.0008232842145885490,-0.0008657826229555580,-0.00046122975727669300,0.0004745321138297510,0.0007494928613658300,-0.0007882276421865560,8.41349006190928E-05,-8.8662934480177E-05,-0.002340150830980160,0.0029371450138984100
k_int_alpha,1.9086067131191E-06,-1.92862313252995E-06,-3.23164810003274E-05,3.24508658722245E-05,-5.45624958747659E-06,5.51287468408823E-06,9.66565090649851E-05,-9.72220761026321E-05,-5.33842790464423E-05,5.35275919775202E-05,8.79644319646822E-05,-8.8480127943602E-05,9.8806133441709E-06,-9.94017070310438E-06,-0.0002874496868771060,0.00029249992494673200
k_B_alpha,-1.68311911961094E-05,1.69718671219066E-05,0.00027516344759082000,-0.00029285325129602100,4.79326836817506E-05,-4.83836635476465E-05,-0.0008322632499800920,0.0008737934228675300,0.00045282761349207900,-0.000485875328639751,-0.0007574252903942420,0.0007963646523663220,-8.51186307694318E-05,8.92300200128204E-05,0.0024845444366246000,-0.0026185210227367400
k_U_alpha,1.43212492251799E-05,-1.55322981197914E-05,-0.00024743310241559500,0.0002558089682100920,-4.09442101534374E-05,4.43698049479302E-05,0.0007366362688376870,-0.0007708318985841790,-0.0004101280676106490,0.0004210087931360020,0.0006711194321649130,-0.0007015414091189330,7.52492055298148E-05,-7.88500548501991E-05,-0.0022134229765482500,0.0023089044204605000
R_alpha_M,0.0,0.0,0.0,0.0,0.0,0.0,0.0,0.0,0.0,0.0,0.0,0.0,0.0,0.0,0.0,0.0
R_alpha_T,0.0,0.0,0.0,0.0,0.0,0.0,0.0,0.0,0.0,0.0,0.0,0.0,0.0,0.0,0.0,0.0
R_alpha_MPhi,0.0,0.0,0.0,0.0,0.0,0.0,0.0,0.0,0.0,0.0,0.0,0.0,0.0,0.0,0.0,0.0
R_alpha_I,0.0,0.0,0.0,0.0,0.0,0.0,0.0,0.0,0.0,0.0,0.0,0.0,0.0,0.0,0.0,0.0
R_alpha_K,0.0,0.0,0.0,0.0,0.0,0.0,0.0,0.0,0.0,0.0,0.0,0.0,0.0,0.0,0.0,0.0
MM_alpha,0.0,0.0,0.0,0.0,0.0,0.0,0.0,0.0,0.0,0.0,0.0,0.0,0.0,0.0,0.0,0.0
A_L,0.0003062706291956370,-0.00031305249086810400,-0.0045883673710392900,0.004521133913016010,-0.0006197480457287300,0.0006322791451109920,0.003112326399523860,-0.0030945484250569600,-0.007610173255857560,0.00745975818669109,0.0028339965997503700,-0.002818835404856610,0.00032992580578494700,-0.0003300713078255860,-0.006722830451893700,0.006568788944856910
A_G,2.17603712826531E-14,-1.95399252334028E-14,-9.26048127070089E-12,8.89421869487705E-12,-1.71862524211974E-13,1.28119737041743E-13,2.4947599541747E-11,-2.36426433986026E-11,-1.43782763473155E-11,1.36681777007652E-11,2.28055352380352E-11,-2.15442108597586E-11,2.58770782579632E-12,-2.44759768008862E-12,-5.36176658627596E-11,3.81874531996118E-11
A_C,3.48053870009579E-05,-3.81746853477249E-05,1.60669360613763E-05,-1.76666172995166E-05,-1.36076133553376E-05,1.49683060570727E-05,2.03832422775996E-05,-2.24026288192514E-05,1.13753929533722E-05,-1.24735589697167E-05,1.85369275313985E-05,-2.03731980437105E-05,2.97257736892043E-06,-3.26790041071945E-06,2.10064082728501E-06,-2.31487141588715E-06
A_F,-0.0051156628103470300,0.00529332707950414,-0.004451323892652790,0.004630705141798860,0.005230875778517110,-0.0054108895026724300,-0.0035007667707709400,0.003611213400100070,0.0015667253630655700,-0.0014571241165130000,-0.0032410146374765000,0.0033422766712740700,-0.0007209700792875080,0.0007391727021817120,-0.003751037167981200,0.0038532679916734000
A_Gamma,-0.003600891906775930,0.0036592641826476100,-0.0045730912009354100,0.00465605944734504,0.0035378123753062600,-0.0035947808182074100,-0.002667112599818,0.0027057486520347700,-0.0032844689406246200,0.0033380926906818600,-0.0024629673208722600,0.0024986801219482000,-0.0004987193368634070,0.0005039104359088050,-6.81433160506506E-05,0.00022851941969226400
A_alpha,-1.68796986669273E-05,1.7016496287825E-05,0.00027598659107286300,-0.0002936929301385890,4.80733305263659E-05,-4.85133646743741E-05,-0.0008346388021542860,0.0008761627332243280,0.0004541751002240520,-0.0004872787061821480,-0.0007595881673634340,0.0007985298281691920,-8.53626528205531E-05,8.94726656637257E-05,0.002491115124618530,-0.002625130225551110
M_star,0.0,0.0,0.0,0.0,0.0,0.0,0.0,0.0,0.0,0.0,0.0,0.0,0.0,0.0,0.0,0.0
MPhi_R_star,0.0,0.0,0.0,0.0,0.0,0.0,0.0,0.0,0.0,0.0,0.0,0.0,0.0,0.0,0.0,0.0
N_star,0.0,0.0,0.0,0.0,0.0,0.0,0.0,0.0,0.0,0.0,0.0,0.0,0.0,0.0,0.0,0.0
T_star,0.0,0.0,0.0,0.0,0.0,0.0,0.0,0.0,0.0,0.0,0.0,0.0,0.0,0.0,0.0,0.0
F_U_star,0.0,0.0,0.0,0.0,0.0,0.0,0.0,0.0,0.0,0.0,0.0,0.0,0.0,0.0,0.0,0.0
F_B_star,0.0,0.0,0.0,0.0,0.0,0.0,0.0,0.0,0.0,0.0,0.0,0.0,0.0,0.0,0.0,0.0
G_U_star,0.0,0.0,0.0,0.0,0.0,0.0,0.0,0.0,0.0,0.0,0.0,0.0,0.0,0.0,0.0,0.0
G_B_star,0.0,0.0,0.0,0.0,0.0,0.0,0.0,0.0,0.0,0.0,0.0,0.0,0.0,0.0,0.0,0.0
C_U_star,0.0,0.0,0.0,0.0,0.0,0.0,0.0,0.0,0.0,0.0,0.0,0.0,0.0,0.0,0.0,0.0
C_B_star,0.0,0.0,0.0,0.0,0.0,0.0,0.0,0.0,0.0,0.0,0.0,0.0,0.0,0.0,0.0,0.0
C_BF_star,0.07962024580819230,-0.06953190260421230,0.00996233774427524,-0.009720795381470420,-0.006375117534594850,0.006503206177120410,0.024328737761833100,-0.022803259306015200,0.011792096101049100,-0.012010523297068800,0.02210356183631260,-0.020770479939199800,0.0029333305317331700,-0.0028585185115194100,0.011635001165446500,-0.011814027050247400
L_U_star,0.0,0.0,0.0,0.0,0.0,0.0,0.0,0.0,0.0,0.0,0.0,0.0,0.0,0.0,0.0,0.0
L_B_star,0.0,0.0,0.0,0.0,0.0,0.0,0.0,0.0,0.0,0.0,0.0,0.0,0.0,0.0,0.0,0.0
MPhi_I_star,0.0,0.0,0.0,0.0,0.0,0.0,0.0,0.0,0.0,0.0,0.0,0.0,0.0,0.0,0.0,0.0
T_prod_star,0.0,0.0,0.0,0.0,0.0,0.0,0.0,0.0,0.0,0.0,0.0,0.0,0.0,0.0,0.0,0.0
T_M_prod_star,0.0,0.0,0.0,0.0,0.0,0.0,0.0,0.0,0.0,0.0,0.0,0.0,0.0,0.0,0.0,0.0
M_prod_star,-0.006185437128249370,0.00642442705593349,-0.002257901651238290,0.0023467071472729200,0.00016140207560622100,-0.0001584864403643140,0.0003323690846253060,-0.00031723911314585100,-0.007470732939033330,0.007023702560953640,0.001283009151478390,-0.0012748364572590100,4.18382158331454E-05,-4.01151920259579E-05,-0.011813442969928400,0.009229002889272980
N_prod_star,-0.04631413985712530,0.05029888797862530,-0.006359821251718520,0.006429919495324570,0.004219600135855430,-0.004143185133533290,-0.015013508728498800,0.015573181458599300,-0.007820677632084830,0.007685798670304060,-0.01366943600064790,0.014156474474575200,-0.0018698319325468600,0.0018912100788495100,-0.007627245409146500,0.0075532253393413300
alpha_U_star,0.0,0.0,0.0,0.0,0.0,0.0,0.0,0.0,0.0,0.0,0.0,0.0,0.0,0.0,0.0,0.0
alpha_B_star,0.0,0.0,0.0,0.0,0.0,0.0,0.0,0.0,0.0,0.0,0.0,0.0,0.0,0.0,0.0,0.0
K_prod_star,-0.000262158172693705,0.00026253363243866600,-0.0005894017861722830,0.0005910066629277730,0.000589737308940963,-0.0005916528925542510,-0.0001617363728986240,0.00016200871157878700,-0.00119078910924586,0.0011963145146847200,-0.00015099942538510100,0.00015125120777437200,-3.24784107694764E-05,3.25196013870599E-05,-0.0020882550981666800,0.0021038629079717100